"","x","y","z","w","w_se","w_sd","t","t_se","t_sd","cat"
"1",1,4096,0,0,0,0,3149698801.2,67449960.9220369,213295504.602988,"CUDA"
"2",1,8192,0,0,0,0,23210705488.6,81124494.0320985,256538175.170168,"CUDA"
"3",1,2048,0,0,0,0,472566953.5,22714720.2585666,71830252.4306394,"CUDA"
"4",1,512,0,0,0,0,18657658.6,4163149.97387205,13165036.1583062,"CUDA"
"5",1,64,0,0,0,0,297768.2,4699.27375760222,14860.408422681,"CUDA"
"6",1,256,0,0,0,0,2562142.3,16559.7410958022,52366.4993254275,"CUDA"
"7",1,1024,0,0,0,0,75476126.9,4415596.77702837,13963343.0443083,"CUDA"
"8",1,128,0,0,0,0,710957.3,7985.30503724045,25251.7517288955,"CUDA"
"9",1,32,0,0,0,0,192298.8,5613.01981547267,17749.9271685517,"CUDA"
