"","x","y","z","w","w_se","w_sd","t","t_se","t_sd","cat"
"1",1,4096,0,207034131900.2,414068263800.4,1309398820400.71,3596828815.4,7864669.39933168,24870268.3461165,"CUDA"
"2",1,8192,0,1177874608129,2355749216258,7449533119531.84,24866696853,80481037.3927855,254503386.614382,"CUDA"
"3",1,2048,0,12299193509.5,24598387019,77786929746.3596,549122785.8,6891411.48520144,21792556.5866803,"CUDA"
"4",1,512,0,39464091.1,78928182.2,249592827.32876,12873008.4,1569918.52606952,4964518.2832741,"CUDA"
"5",1,64,0,31262,62524,197718.248424368,3900324.9,1302656.84082127,4119362.6265946,"CUDA"
"6",1,256,0,3822387.2,7644774.4,24174899.3021471,4470250,659960.047262122,2086976.91406068,"CUDA"
"7",1,1024,0,827273702.1,1654547404.2,5232138293.99124,75513214.3,6584331.78795295,20821485.3201801,"CUDA"
"8",1,128,0,340229.4,680458.8,2151799.66190498,4025966.7,821789.159496173,2598725.5004433,"CUDA"
"9",1,32,0,7340.6,14681.2,46426.030784464,4263364.8,969487.722013907,3065789.36513211,"CUDA"
