"","x","y","z","w","w_se","w_sd","t","t_se","t_sd","cat"
"82",18,16,4096,1246031145265.3,74641846213.9147,236038242795.986,195849906047.7,13248539186.0598,41895559497.9422,"OMP"
"83",18,16,8192,9051729317485.3,598232428048.828,1891777042807.1,1486496058324.6,33189464703.7989,104954302785.77,"OMP"
"84",18,16,2048,83256168399.4,2278788913.13828,7206163272.25657,10382490375.9,1635544811.19421,5172046818.64376,"OMP"
"85",18,16,512,469211987.2,10471215.3236161,33112890.2926841,100451577.5,6690787.20543313,21158126.9086816,"OMP"
"86",18,16,64,357327.2,2303.46963031375,7284.2105528175,480622.4,18488.7720214789,58466.630727469,"OMP"
"87",18,16,256,43276605.1,54352.4246217427,171877.458157323,5913817.9,152330.133251712,481710.177352362,"OMP"
"88",18,16,1024,7907607840.1,30531384.9229582,96548716.4758723,858195294,18593659.6132712,58798314.4158225,"OMP"
"89",18,16,128,3910107,48354.8997981475,152911.619391362,1233774.7,20463.981289736,64712.790870636,"OMP"
"90",18,16,32,66246.7,11883.5663634936,37579.1364344041,388812.7,32704.1864381645,103419.718167389,"OMP"
