"","x","y","z","w","w_se","w_sd","t","t_se","t_sd","cat"
"55",12,16,4096,938825623190.9,43656732386.2474,138054709540.979,155624266432.3,17307494715.3495,54731103891.8321,"OMP"
"56",12,16,8192,12867874335364.9,728464694326.471,2303607629089.99,2192901944418.7,130676181178.308,413234368456.278,"OMP"
"57",12,16,2048,83566583925.1,1258277396.61931,3979022501.62407,10299898570.8,578897206.225048,1830633702.77936,"OMP"
"58",12,16,512,404620703.1,26316803.6745401,83221040.3470354,53697135.3,561241.514109968,1774801.50202903,"OMP"
"59",12,16,64,360756.5,3258.54922387931,10304.4374152325,409235,48628.2359330004,153775.984144325,"OMP"
"60",12,16,256,43226603.7,43563.4708851349,137759.790779458,5991072.5,44543.7044512964,140859.561487477,"OMP"
"61",12,16,1024,7942419300.6,16482916.1258568,52123557.439226,822649963.3,365205.068160044,1154879.82842278,"OMP"
"62",12,16,128,5507782,826113.908807523,2612401.55857641,893202.9,36636.9570357583,115856.230770727,"OMP"
"63",12,16,32,64004.6,12736.9982586165,40277.9250508265,284033.1,27908.2580473952,88253.6609574923,"OMP"
