"","x","y","z","w","w_se","w_sd","t","t_se","t_sd","cat"
"28",6,16,4096,902678909663.7,8294801278.55246,26230464778.7025,262792636337.3,14208228716.2816,44930364260.0601,"OMP"
"29",6,16,8192,9772978557988.2,159641787730.613,504831658969.86,2459978895661.8,65215805754.175,206230485626.308,"OMP"
"30",6,16,2048,85070485346.4,1574726200.09036,4979721483.4276,20402536881.2,1452228597.29243,4592350050.6755,"OMP"
"31",6,16,512,399175417.1,16588643.4430995,52457896.5726121,92902522.5,542701.995673357,1716174.39704665,"OMP"
"32",6,16,64,712608.4,38436.0153573587,121545.352710464,410589.8,16600.9243726567,52496.732281797,"OMP"
"33",6,16,256,43209254.7,12441.9805999241,39344.9972993885,11710068.4,296756.089076714,938425.151006231,"OMP"
"34",6,16,1024,7954966090.3,8876986.23650407,28071495.265319,1627491493.8,1996182.09357429,6312482.04013813,"OMP"
"35",6,16,128,5872728.3,767911.252927232,2428348.6001237,1567948.3,153584.569838119,485677.054145653,"OMP"
"36",6,16,32,85949.6,6649.382047813,21027.1923037237,225253,11985.9301887208,37902.8392721296,"OMP"
