"","x","y","z","w","w_se","w_sd","t","t_se","t_sd","cat"
"64",14,16,4096,962146644089,22684685762.2474,71735275013.8946,164235256317.7,10382336624.8373,32831831169.0709,"OMP"
"65",14,16,8192,10634944877679.4,464581182798.818,1469134695699.3,1580644675827.3,119330459713.945,377356046931.03,"OMP"
"66",14,16,2048,82513950056.4,1451240298.07482,4589224774.1381,10296774829.7,1143186218.11541,3615072238.95875,"OMP"
"67",14,16,512,472180369.4,9739395.20871911,30798671.8920834,83353132.6,9545600.28781392,30185838.5430508,"OMP"
"68",14,16,64,586212,79411.8575383355,251122.343045952,463398.6,41093.35331624,129948.593173352,"OMP"
"69",14,16,256,46321265.2,5340752.66525576,16888942.841823,6223623.6,318998.522649759,1008761.90180205,"OMP"
"70",14,16,1024,7922386542.7,22653674.2241297,71637207.9196975,896373302.6,34825685.3518267,110128486.788135,"OMP"
"71",14,16,128,3950386.8,75125.8831762026,237568.902068525,1183033.2,37403.860244989,118281.391656789,"OMP"
"72",14,16,32,77093.6,13429.9250471971,42469.1519544873,322132.8,28330.3534398473,89588.4437875034,"OMP"
