"","x","y","z","w","w_se","w_sd","t","t_se","t_sd","cat"
"46",10,16,4096,915123771559.4,5273116372.18199,16675058103.2193,199485565159.5,9692854123.45864,30651496057.8842,"OMP"
"47",10,16,8192,9717152810790.7,394119547147.395,1246315439379.88,1726273937390.7,26840037732.3762,84875651719.1697,"OMP"
"48",10,16,2048,84706558334,936067768.996997,2960106194.30286,11735853357.2,448519803.992603,1418344156.30891,"OMP"
"49",10,16,512,394405233.7,19064471.8091333,60287153.304932,60877491.9,1207741.99046439,3819215.51569283,"OMP"
"50",10,16,64,577586,100690.199598129,318410.368787059,390223.6,26601.2597349156,84120.5693920604,"OMP"
"51",10,16,256,43207808.8,48679.1167607265,153936.883449174,8608645.4,586285.477744698,1853997.4687532,"OMP"
"52",10,16,1024,7926264485.8,12595824.989814,39831495.9766794,959456553.7,636842.123828298,2013871.62123641,"OMP"
"53",10,16,128,3929636.3,64082.2284492875,202645.799438988,807798,22697.5942944523,71776.0953769119,"OMP"
"54",10,16,32,71862.2,12444.8918456083,39354.2034665789,273032.8,19821.7705472207,62681.9421864596,"OMP"
