"","x","y","z","w","w_se","w_sd","t","t_se","t_sd","cat"
"1",1,16,4096,891778193430,5452289927.00439,17241654632.9271,893274759774.5,5378582811.6829,17008572268.7505,"OMP"
"2",1,16,8192,1125166400765.5,2250332801531,7116177146225.6,10022727804563.5,463728428734.499,1466438050572.09,"OMP"
"3",1,16,2048,80052645858.8,350311724.699162,1107782941.11122,80302358814.5,252743713.376842,799245798.559587,"OMP"
"4",1,16,512,392421930.6,20626256.6976137,65225950.7677623,365921226.9,13620234.0024767,43070961.7122979,"OMP"
"5",1,16,64,518729.1,130005.747273453,411114.270296336,537356.4,127138.976322308,402048.744560712,"OMP"
"6",1,16,256,46742345.9,6459821.01458941,20427747.6831223,44287285.2,2412100.94169001,7627732.92197744,"OMP"
"7",1,16,1024,7942014672,47082975.4834793,148889441.545662,8163119036.4,6401884.40040311,20244536.0223752,"OMP"
"8",1,16,128,4712727.8,1048924.20342109,3316989.57568841,4820226.8,963734.417507175,3047595.81881832,"OMP"
"9",1,16,32,44546.1,1477.04457015427,4670.82504727187,53772.6,1057.54147593999,3344.23978406653,"OMP"
