"","x","y","z","w","w_se","w_sd","t","t_se","t_sd","cat"
"37",8,16,4096,906733375170.8,10413211894.8223,32929467345.5962,204965104202.6,22251517701.3888,70365477331.9431,"OMP"
"38",8,16,8192,9593392133700.2,723447975887.859,2287743372444.21,2051370743832.6,166440641161.76,526331521289.934,"OMP"
"39",8,16,2048,79999817628.3,461951577.458438,1460819153.47636,12720759594.1,370848086.710185,1172724619.91981,"OMP"
"40",8,16,512,393760192.5,17906186.3300547,56624333.0103443,74027584.2,252268.849262722,797744.146379889,"OMP"
"41",8,16,64,358912.9,4050.63624577122,12809.2365094706,343644.8,23238.5223756685,73486.6601638994,"OMP"
"42",8,16,256,51198065.6,8732274.30591556,27613875.9600591,9473497.9,882744.938159021,2791484.59756699,"OMP"
"43",8,16,1024,7931634190.4,15586075.0086458,49287496.8095492,1228478874.4,3696496.50123636,11689348.3067503,"OMP"
"44",8,16,128,4412424.2,817290.94572707,2584500.8995306,847169.3,55658.9630326609,176009.095386321,"OMP"
"45",8,16,32,51321.2,10967.0327711941,34680.8027306815,222270.8,22722.6681762703,71855.3859532387,"OMP"
