"","x","y","z","w","w_se","w_sd","t","t_se","t_sd","cat"
"91",20,16,4096,927390700265.5,14134443769.1586,44697035770.1165,164782049962.8,8041153383.39587,25428359706.3001,"OMP"
"92",20,16,8192,8749189561521.7,181487119256.112,573912662831.918,1467353880767,30196389669.0131,95489368468.0594,"OMP"
"93",20,16,2048,83986885344.1,1735187117.42199,5487143457.63553,11109919227.4,1360260333.68101,4301520865.21263,"OMP"
"94",20,16,512,460620837.2,8714478.94693014,27557602.0938848,94829203.8,10109837.3711556,31970112.8667406,"OMP"
"95",20,16,64,600607,78888.0502304091,249465.918897864,661985.5,71838.0133827334,227171.744871095,"OMP"
"96",20,16,256,43328610.9,40811.9681231431,129058.775063319,6184797.4,284375.915112405,899275.603449898,"OMP"
"97",20,16,1024,7920380699,31701012.8280298,100247404.67079,874126383.9,17520466.4601688,55404579.6827212,"OMP"
"98",20,16,128,5180507.7,703199.675811141,2223712.62545522,1559092.4,204149.851763018,645578.515556878,"OMP"
"99",20,16,32,56831.7,14408.9763166345,45565.1839119885,357250.5,28968.127762537,91605.2632803742,"OMP"
