"","x","y","z","w","w_se","w_sd","t","t_se","t_sd","cat"
"19",4,16,4096,989921526777.1,74344689384.7711,235098550393.619,400739020124.4,15991258135.0023,50568798358.3036,"OMP"
"20",4,16,8192,10460186203361.7,1311913866511.86,4148635912135.57,3322392217999.7,335596748616.445,1061250100974.93,"OMP"
"21",4,16,2048,82825191998.4,1860973192.78227,5884913953.70761,28351184984.5,3793582968.32038,11996362672.7148,"OMP"
"22",4,16,512,444026074,15689009.899684,49613005.5159313,131101785.2,5002162.36946134,15818226.3134825,"OMP"
"23",4,16,64,362300,4530.49957510207,14326.6975957476,301480.4,16591.2522176932,52466.1462422304,"OMP"
"24",4,16,256,46950829.9,6356400.99919188,20100704.8788164,15281623.2,922372.404641461,2916797.64955348,"OMP"
"25",4,16,1024,7906510089.2,15341536.1867261,48514197.1559487,2250140911.6,5082035.78687796,16070808.2370204,"OMP"
"26",4,16,128,5262936.3,801675.8602022,2535121.66341369,1898155.6,147282.066810955,465746.78961971,"OMP"
"27",4,16,32,84510.9,8445.46291054157,26706.8986917862,201422,3939.2095540998,12456.8743716516,"OMP"
