"","x","y","z","w","w_se","w_sd","t","t_se","t_sd","cat"
"109",24,16,4096,1064501150218.7,98270612607.3097,310758962899.156,152625739813,23469365385.4286,74216649856.67,"OMP"
"110",24,16,8192,10928285098221.3,661024579491.82,2090343260549.18,1375056909112.3,86501996196.1806,273543330131.152,"OMP"
"111",24,16,2048,83998329869.7,2431983582.54153,7690607352.96733,9105610549.2,975667671.788162,3085332082.2442,"OMP"
"112",24,16,512,422471619.3,29452380.2794742,93136604.1965651,137530009,7451006.11561019,23562150.1851721,"OMP"
"113",24,16,64,397145.3,54425.7302933089,172109.27104488,4771824.8,809034.494664229,2558391.70878231,"OMP"
"114",24,16,256,43353537.7,37447.4699291332,118419.297586725,8038770.5,551075.577251796,1742653.98700775,"OMP"
"115",24,16,1024,7957904438.1,41811653.0822822,132220056.476811,889037645.7,35266104.6824799,111521214.998566,"OMP"
"116",24,16,128,5605690.5,956765.034971782,3025556.69612148,3725293.8,574037.069041736,1815264.59953921,"OMP"
"117",24,16,32,50504,3667.55520143263,11597.8278809248,2242352.4,131718.439381112,416530.278287132,"OMP"
