"","x","y","z","w","w_se","w_sd","t","t_se","t_sd","cat"
"10",2,16,4096,913785133606.5,8617923191.86956,27252265986.6961,664467861020.4,7658956568.34971,24219747256.2922,"OMP"
"11",2,16,8192,9930093199095.2,588065209269.412,1859625473994.9,5438431125427.4,333764701204.552,1055456658371.93,"OMP"
"12",2,16,2048,84344834398.8,392548199.85091,1241346402.92785,46684797080.1,4493184162.13278,14208695898.9349,"OMP"
"13",2,16,512,452087074.6,18306453.9235387,57890090.2793083,239672063.1,3498207.84809771,11062304.5286651,"OMP"
"14",2,16,64,466255.4,112625.574622463,356153.338592242,463908.7,32178.2537017367,101756.572824232,"OMP"
"15",2,16,256,43228584.6,30242.9614763869,95636.6414541112,29594438.9,886879.865423519,2804560.38568193,"OMP"
"16",2,16,1024,7922336486.7,33753984.06056,106739469.736389,4210949671.6,1701458.36638461,5380483.78172465,"OMP"
"17",2,16,128,4961269.3,738731.45069736,2336073.96340404,2968482.3,191161.440833437,604505.553833177,"OMP"
"18",2,16,32,77226.2,3047.09747209446,9635.76826435985,178331.8,2238.51472186358,7078.80509690725,"OMP"
