"","x","y","z","w","w_se","w_sd","t","t_se","t_sd","cat"
"73",16,16,4096,972176292642.2,36680762423.2554,115994755569.004,167144944308.8,8691492845.65927,27484913659.3416,"OMP"
"74",16,16,8192,10262151138746.7,452150202659.525,1429824484910.82,1519739560343.6,70621914647.9113,223326103009.408,"OMP"
"75",16,16,2048,82831330804.6,1723596271.86862,5450489985.67964,10800852181.9,1374855678.44587,4347675397.90501,"OMP"
"76",16,16,512,480974347.1,10000958.3752283,31625807.2502582,88632658.2,7918181.09472516,25039487.185017,"OMP"
"77",16,16,64,502518.4,103559.614158416,327484.254348816,496364.9,39846.2710765596,126004.972866418,"OMP"
"78",16,16,256,43300428.6,28143.0271833007,88996.0661512631,6453249,473747.348243015,1498120.6559129,"OMP"
"79",16,16,1024,7955074685,41498458.9730868,131229649.742006,888733684.9,17062342.6535012,53955865.0033048,"OMP"
"80",16,16,128,4878483.2,735733.040836827,2326592.15888605,1425467.7,169479.844195782,535942.32514914,"OMP"
"81",16,16,32,76890.9,13693.9027354837,43303.9227009389,322908,23431.4710535496,74096.817457522,"OMP"
