"","x","y","z","w","w_se","w_sd","t","t_se","t_sd","cat"
"100",22,16,4096,922550846598.1,16479264957.582,52112011431.3571,160372618342.3,10926725018.7878,34553338425.7156,"OMP"
"101",22,16,8192,9217702651132.7,193645115465.942,612359622638.675,1492713645166.4,25776559127.8579,81512637086.0344,"OMP"
"102",22,16,2048,81428637077.5,1748815028.5102,5530238696.42453,8471872258.6,1189030622.12074,3760044973.58854,"OMP"
"103",22,16,512,455384621.6,5803346.3645939,18351792.5629747,102965741.1,13610782.1465389,43041072.3194185,"OMP"
"104",22,16,64,360568,4987.12637809702,15770.6783338927,532949.1,10294.00215638,32552.4930528455,"OMP"
"105",22,16,256,43316771.8,42133.5325889803,133237.928850109,6224552.7,246302.73372815,778877.63250693,"OMP"
"106",22,16,1024,7913114444.8,35121426.309562,111063701.811978,859391965,15937010.7094756,50397252.9364389,"OMP"
"107",22,16,128,3941544.7,64862.6700187404,205113.772379136,1310973.5,38034.3622195041,120275.21396549,"OMP"
"108",22,16,32,65373.7,14064.4025762443,44475.5460704719,441565.8,46344.335513679,146553.656870255,"OMP"
