"","x","y","z","w","w_se","w_sd","t","t_se","t_sd","cat"
"81",20,16,4096,107532303023.1,215064606046.2,680093999192.812,409169385488.8,3991636733.95621,12622663671.2972,"OMP"
"82",20,16,2048,9647872560,19295745120,61018503729.279,35467474943.5,1414225995.37601,4472175271.60696,"OMP"
"83",20,16,512,36821022.4,73642044.8,232876593.120159,251686373.6,1908259.00074644,6034444.8078757,"OMP"
"84",20,16,64,79620.8,159241.6,503566.154249469,635811.1,147725.903828664,467150.325505565,"OMP"
"85",20,16,256,3864567.6,7729135.2,24441671.5753811,13047865.8,413078.265612791,1306268.17124843,"OMP"
"86",20,16,1024,763523356.9,1527046713.8,4828945709.08328,2170557622.1,79393163.8440084,251063228.393996,"OMP"
"87",20,16,128,299753.8,599507.6,1895809.49058116,1816420.8,254870.684345838,805971.871338669,"OMP"
"88",20,16,32,3203.9,6407.8,20263.2427908269,354136.5,78915.3820089735,249552.349570631,"OMP"
