"","x","y","z","w","w_se","w_sd","t","t_se","t_sd","cat"
"57",14,16,4096,110350878941.4,220701757882.8,697920238512.669,419035555370.4,3717910296.39668,11757064672.8052,"OMP"
"58",14,16,2048,9131059815.1,18262119630.2,57749892933.9039,35159787943.5,1816488815.03105,5744241999.71842,"OMP"
"59",14,16,512,37446342.2,74892684.4,236831462.788161,250655280.1,653775.924123953,2067420.99961311,"OMP"
"60",14,16,64,78564.3,157128.6,496884.261553533,698617.8,80475.9124463408,254487.18011073,"OMP"
"61",14,16,256,4248145.7,8496291.4,26867632.4885007,12723141.8,540280.707448662,1708517.61138487,"OMP"
"62",14,16,1024,804148808.6,1608297617.2,5085883625.7736,2178667833.3,100870635.896325,318980958.461926,"OMP"
"63",14,16,128,296564.8,593129.6,1875640.48366461,2101048.5,359556.273391431,1137016.77091912,"OMP"
"64",14,16,32,3206.6,6413.2,20280.3190901918,353356.1,65782.797003776,208023.469388432,"OMP"
