"","x","y","z","w","w_se","w_sd","t","t_se","t_sd","cat"
"17",4,16,4096,100842424630.9,201684849261.8,637783493215.017,429748820270.3,11814944299.7045,37362134415.0892,"OMP"
"18",4,16,2048,9293101830.4,18586203660.8,58774736623.8876,34825173433.5,1689484109.35657,5342617856.22777,"OMP"
"19",4,16,512,38198991,76397982,241591631.760546,118722273.7,1801005.68194852,5695280.03386212,"OMP"
"20",4,16,64,44166,88332,279330.310277993,253688.8,19938.8271399186,63052.1076345237,"OMP"
"21",4,16,256,4368058.5,8736117,27626027.6257172,14765803.8,285948.032875253,904247.076330505,"OMP"
"22",4,16,1024,832764366.3,1665528732.6,5266864303.46953,2535978056.7,227903250.547228,720693357.885258,"OMP"
"23",4,16,128,300134.9,600269.8,1898219.77861374,1608047.5,200319.588608525,633466.15995086,"OMP"
"24",4,16,32,3325.3,6650.6,21031.0438067158,155188.9,22279.1101147839,70452.7322044125,"OMP"
