"","x","y","z","w","w_se","w_sd","t","t_se","t_sd","cat"
"33",8,16,4096,99148796918.2,198297593836.4,627072051053.991,385888518364.5,6204426559.99642,19620119504.832,"OMP"
"34",8,16,2048,9644559311.2,19289118622.4,60997548903.9534,28660341820.1,1782397970.85448,5636437284.76256,"OMP"
"35",8,16,512,37245788.2,74491576.4,235563047.920446,252288455.8,789072.772378754,2495267.20034046,"OMP"
"36",8,16,64,81905,163810,518012.703512182,399324.5,35992.7257789682,113818.992659398,"OMP"
"37",8,16,256,3856100.8,7712201.6,24388122.8303948,12948613.1,554662.944007335,1753998.23675762,"OMP"
"38",8,16,1024,794516212.1,1589032424.2,5024961736.33086,2081727400.5,41334312.2014942,130710572.073211,"OMP"
"39",8,16,128,905763,1811526,5728548.20061418,1680814.3,125705.896172879,397516.947218941,"OMP"
"40",8,16,32,9597.9,19195.8,60702.4495090602,197938.9,30379.4395814742,96068.223116931,"OMP"
