"","x","y","z","w","w_se","w_sd","t","t_se","t_sd","cat"
"1",1,16,4096,0,NA,NA,1085510990232,NA,NA,"OMP"
"2",1,16,2048,9009783776.8,18019567553.6,56982875920.6443,93801743762.2,1236941756.29497,3911553282.86103,"OMP"
"3",1,16,512,36207430.9,72414861.8,228995899.734321,387226614.2,1071010.81401337,3386833.57095323,"OMP"
"4",1,16,64,78565.2,157130.4,496889.953653322,651617.4,89868.2482304945,284188.353737759,"OMP"
"5",1,16,256,4322805.6,8645611.2,27339823.1562615,45691060.5,2716820.89109067,8591342.01057477,"OMP"
"6",1,16,1024,789729742.4,1579459484.8,4994689443.9241,7616479117.3,167763696.059317,530515388.235656,"OMP"
"7",1,16,128,316585.1,633170.2,2002259.97854434,6768138.2,1222360.42043191,3865443.05020585,"OMP"
"8",1,16,32,9607.2,19214.4,60761.2678735393,87867.9,13204.2621114043,41755.5430939015,"OMP"
