"","x","y","z","w","w_se","w_sd","t","t_se","t_sd","cat"
"65",16,16,4096,106535116922.2,213070233844.4,673787240532.999,407623393564.6,5814045594.85877,18385626499.8223,"OMP"
"66",16,16,2048,9167842870.4,18335685740.8,57982529401.9997,34097790912.9,1877939792.97805,5938567054.47572,"OMP"
"67",16,16,512,36151199.4,72302398.8,228640260.501825,254329031.1,3959092.09663987,12519748.4917535,"OMP"
"68",16,16,64,78494.5,156989,496442.807592174,589999.5,82840.0277816628,261963.16922168,"OMP"
"69",16,16,256,4203901.1,8407802.2,26587805.0681746,12989524.8,666138.815139427,2106515.89368644,"OMP"
"70",16,16,1024,731110686.2,1462221372.4,4623949980.16127,2113575354.4,72540457.038062,229393066.749868,"OMP"
"71",16,16,128,808082.1,1616164.2,5110759.9448239,1574126.7,265945.849333289,840994.618161165,"OMP"
"72",16,16,32,9589.4,19178.8,60648.6907888373,302762.3,81829.9573940715,258769.046199803,"OMP"
