"","x","y","z","w","w_se","w_sd","t","t_se","t_sd","cat"
"97",24,16,4096,107499008714.6,214998017429.2,679883427496.851,395736458220.7,4312048071.14279,13635893284.947,"OMP"
"98",24,16,2048,9587321259,19174642518,60635543676.3862,33170035350.7,1277841518.97332,4040889688.68497,"OMP"
"99",24,16,512,37266447,74532894,235693705.643898,251722544.2,1498653.53308853,4739158.58801828,"OMP"
"100",24,16,64,78157.8,156315.6,494313.329815816,495182.3,64275.4222832751,203256.73198429,"OMP"
"101",24,16,256,4525050.4,9050100.8,28618931.582112,13327614.3,574494.880652332,1816712.32696797,"OMP"
"102",24,16,1024,748147207.8,1496294415.6,4731698403.48658,2077708987.4,32271115.127602,102050226.436738,"OMP"
"103",24,16,128,743988.2,1487976.4,4705394.52857777,1897335.6,258885.850444503,818668.941394342,"OMP"
"104",24,16,32,9588.5,19177,60642.998689049,305598.7,73068.4213427083,231062.636475817,"OMP"
