"","x","y","z","w","w_se","w_sd","t","t_se","t_sd","cat"
"73",18,16,4096,110536133498.7,221072266997.4,699091891208.657,416801995832.4,4211391991.25351,13317590812.153,"OMP"
"74",18,16,2048,9329407495.9,18658814991.8,59004353813.784,34253495913.9,1737393178.20462,5494119634.3654,"OMP"
"75",18,16,512,37178077,74356154,235134804.69024,252570260.5,2625294.60202368,8301910.47134013,"OMP"
"76",18,16,64,80980.3,161960.6,512164.387207467,657234.9,75105.1232153676,237503.253308151,"OMP"
"77",18,16,256,4549343.7,9098687.4,28772575.9018755,13510444,640512.103923103,2025477.11730348,"OMP"
"78",18,16,1024,814842727,1629685454,5153517904.28556,2478379516.8,215172086.602852,680433882.556013,"OMP"
"79",18,16,128,893082.3,1786164.6,5648348.41196359,1680393.6,537042.845713301,1698278.59355242,"OMP"
"80",18,16,32,3205,6410,20270.1998016793,350631.8,50890.3565698301,160929.437698777,"OMP"
