"","x","y","z","w","w_se","w_sd","t","t_se","t_sd","cat"
"25",6,16,4096,100591925401.1,201183850802.2,636199196978.445,420882437697.5,4275774795.86273,13521187116.8677,"OMP"
"26",6,16,2048,9317178986.2,18634357972.4,58927013927.7011,34523659164.4,1609406369.13909,5089389807.26125,"OMP"
"27",6,16,512,36662064.7,73324129.4,231871256.352915,185391196,753877.550658608,2383970.13695017,"OMP"
"28",6,16,64,63967.1,127934.2,404563.462631513,387195.2,50115.4369526995,158478.926705099,"OMP"
"29",6,16,256,4354015.1,8708030.2,27537209.3655316,14118010.7,510203.09313519,1613403.84357022,"OMP"
"30",6,16,1024,778829586.4,1557659172.8,4925750804.3018,2321219494.3,187511412.153216,592963149.678739,"OMP"
"31",6,16,128,316932.4,633864.8,2004456.4966071,1412294.3,174281.885072571,551127.711737025,"OMP"
"32",6,16,32,9600.2,19200.4,60716.9959862969,164565.2,31912.4248694594,100915.948246493,"OMP"
