"","x","y","z","w","w_se","w_sd","t","t_se","t_sd","cat"
"49",12,16,4096,111110290257.2,222220580514.4,702723177390.336,424036547261.4,3565547743.86201,11275251976.6786,"OMP"
"50",12,16,2048,9569894278.1,19139788556.2,60525325771.6177,36521581699.7,2234399817.56092,7065792626.95721,"OMP"
"51",12,16,512,36672715.5,73345431,231938617.926721,251034506.2,1189344.99769294,3761039.11643741,"OMP"
"52",12,16,64,47263.9,94527.8,298923.150204865,437476,73146.202091124,231308.600798923,"OMP"
"53",12,16,256,4503682.4,9007364.8,28483788.484027,13226156.6,732287.182929527,2315695.39940568,"OMP"
"54",12,16,1024,744291429,1488582858,4707312317.163,2163754132.9,93388594.0291469,295320664.612905,"OMP"
"55",12,16,128,837908,1675816,5299395.49935273,1727472,392688.919608384,1241791.39787325,"OMP"
"56",12,16,32,9590.1,19180.2,60653.1179775616,323474.5,48039.5273029293,151914.323995102,"OMP"
