"","x","y","z","w","w_se","w_sd","t","t_se","t_sd","cat"
"41",10,16,4096,109782636731.4,219565273462.8,694326359220.174,423124004419.4,4773618201.67435,15095506197.328,"OMP"
"42",10,16,2048,9447023069.7,18894046139.4,59748220016.8152,35923179984.8,1469318443.82224,4646392890.57244,"OMP"
"43",10,16,512,36895668.4,73791336.8,233348695.876601,250413920.3,1692069.92284383,5350794.91645187,"OMP"
"44",10,16,64,26207.6,52415.2,165751.416013258,518720.9,81308.8043632012,257121.015612753,"OMP"
"45",10,16,256,4433928.4,8867856.8,28042625.4522123,13159236.7,645485.834658106,2041205.43489447,"OMP"
"46",10,16,1024,842061740.9,1684123481.8,5325666063.46113,2244993016.5,161603282.212645,511034449.150933,"OMP"
"47",10,16,128,918475.4,1836950.8,5808948.47766843,1735379.6,263230.459802002,832407.802507721,"OMP"
"48",10,16,32,3205.3,6410.6,20272.0971682754,198410.8,37387.2973767532,118229.015268579,"OMP"
