"","x","y","z","w","w_se","w_sd","t","t_se","t_sd","cat"
"9",2,16,4096,0,NA,NA,589096770759,NA,NA,"OMP"
"10",2,16,2048,9560706801.1,19121413602.2,60467219065.0768,55164549266.2,668208035.341393,2113059342.50509,"OMP"
"11",2,16,512,37104097.7,74208195.4,234666918.51483,206116858.8,920637.192266593,2911310.42622479,"OMP"
"12",2,16,64,79682.6,159365.2,503957.011768266,451591,62763.1254713573,198474.429560418,"OMP"
"13",2,16,256,4397210.3,8794420.6,27810399.7975046,23537218.6,969772.67651132,3066690.47037344,"OMP"
"14",2,16,1024,787313445.7,1574626891.4,4979407441.7746,4466900710,276354913.392408,873910968.89858,"OMP"
"15",2,16,128,297023.2,594046.4,1878539.65982345,2751503.3,357489.188722686,1130480.07524947,"OMP"
"16",2,16,32,9587.3,19174.6,60635.4092226646,137095,22879.7079429689,72351.9892992277,"OMP"
