"","x","y","z","w","w_se","w_sd","t","t_se","t_sd","cat"
"89",22,16,4096,106824834681,213649669362,675619576525.813,404316734313.2,4572234325.55049,14458674464.7433,"OMP"
"90",22,16,2048,9637057641.5,19274115283,60950104178.9408,35873654539.5,1170666630.86435,3701972934.28692,"OMP"
"91",22,16,512,37348185.7,74696371.4,236210666.57386,253377587.2,1817441.79055198,5747255.57291894,"OMP"
"92",22,16,64,27432,54864,173495.201547478,733157.8,95378.9002633648,301614.565554266,"OMP"
"93",22,16,256,4375638.6,8751277.2,27673968.3875009,13273951.7,433005.061289183,1369282.23205462,"OMP"
"94",22,16,1024,833579050.8,1667158101.6,5272016820.65841,2693021087.1,161390308.282024,510360966.447933,"OMP"
"95",22,16,128,783245.4,1566490.8,4953678.86169929,1422608.7,51172.7227573875,161822.357985677,"OMP"
"96",22,16,32,9609.3,19218.6,60774.549439712,425917.9,92537.3549743021,292628.810366307,"OMP"
